{
  "type": "minecraft:dimension_type",
  "value": {
    "min_y": 0,
    "height": 384,
    "logical_height": 384,
    "infiniburn": "minecraft:infiniburn_nether",
    "effects": "minecraft:the_nether",
    "ambient_light": 0.1,
    "natural": false,
    "piglin_safe": true,
    "respawn_anchor_works": true,
    "bed_works": false,
    "has_raids": false,
    "has_skylight": false,
    "ultrawarm": true,
    "has_ceiling": false,
    "coordinate_scale": 8.0,
    "monster_spawn_light_level": {
      "type": "minecraft:uniform",
      "value": {
        "min_inclusive": 0,
        "max_inclusive": 7
      }
    },
    "monster_spawn_block_light_limit": 0
  }
}